index,date,season,year,month,hour,holiday,weekday,workingday,weather,temp,feels_like,hum,windspeed
0,1/7/12,1,1,1,0,0,6,0,1,0.36,0.3485,0.5,0.1642
1,1/7/12,1,1,1,1,0,6,0,1,0.38,0.3939,0.46,0.1642
2,1/7/12,1,1,1,2,0,6,0,1,0.36,0.3636,0.5,0.1045
3,1/7/12,1,1,1,3,0,6,0,1,0.32,0.3333,0.57,0.1045
4,1/7/12,1,1,1,4,0,6,0,1,0.32,0.3333,0.57,0.0896
5,1/7/12,1,1,1,5,0,6,0,1,0.26,0.2727,0.75,0.1045
6,1/7/12,1,1,1,6,0,6,0,1,0.26,0.2727,0.75,0.1045
7,1/7/12,1,1,1,7,0,6,0,1,0.22,0.2273,0.87,0.194
8,1/7/12,1,1,1,8,0,6,0,1,0.24,0.2576,0.75,0.1045
9,1/7/12,1,1,1,9,0,6,0,1,0.22,0.2273,0.8,0.1343
10,1/7/12,1,1,1,10,0,6,0,1,0.28,0.303,0.75,0.0896
11,1/7/12,1,1,1,11,0,6,0,1,0.34,0.3182,0.57,0.2239
12,1/7/12,1,1,1,12,0,6,0,1,0.4,0.4091,0.43,0.2239
13,1/7/12,1,1,1,13,0,6,0,1,0.44,0.4394,0.44,0.194
14,1/7/12,1,1,1,14,0,6,0,1,0.5,0.4848,0.42,0.2836
15,1/7/12,1,1,1,15,0,6,0,1,0.58,0.5455,0.37,0.2985
16,1/7/12,1,1,1,16,0,6,0,2,0.56,0.5303,0.37,0.2836
17,1/7/12,1,1,1,17,0,6,0,2,0.54,0.5152,0.43,0.1343
18,1/7/12,1,1,1,18,0,6,0,1,0.54,0.5152,0.45,0.1343
19,1/7/12,1,1,1,19,0,6,0,1,0.52,0.5,0.42,0.1045
20,1/7/12,1,1,1,20,0,6,0,1,0.5,0.4848,0.39,0.2537
21,1/7/12,1,1,1,21,0,6,0,1,0.44,0.4394,0.44,0.2239
22,1/7/12,1,1,1,22,0,6,0,1,0.44,0.4394,0.38,0.2537
23,1/7/12,1,1,1,23,0,6,0,1,0.42,0.4242,0.38,0.2239
24,1/26/12,1,1,1,0,0,4,1,2,0.28,0.2879,0.75,0.1045
25,1/26/12,1,1,1,1,0,4,1,2,0.28,0.3182,0.75,0
26,1/26/12,1,1,1,2,0,4,1,2,0.28,0.2727,0.75,0.1642
27,1/26/12,1,1,1,3,0,4,1,2,0.28,0.303,0.75,0.0896
28,1/26/12,1,1,1,4,0,4,1,1,0.28,0.3182,0.75,0
29,1/26/12,1,1,1,5,0,4,1,2,0.3,0.3182,0.75,0.1045
30,1/26/12,1,1,1,6,0,4,1,2,0.28,0.3182,0.81,0
31,1/26/12,1,1,1,7,0,4,1,2,0.28,0.303,0.81,0.0896
32,1/26/12,1,1,1,8,0,4,1,2,0.28,0.303,0.81,0.0896
33,1/26/12,1,1,1,9,0,4,1,2,0.3,0.3333,0.81,0
34,1/26/12,1,1,1,10,0,4,1,2,0.3,0.303,0.81,0.1343
35,1/26/12,1,1,1,11,0,4,1,2,0.3,0.3182,0.87,0.1045
36,1/26/12,1,1,1,12,0,4,1,2,0.34,0.3333,0.81,0.1343
37,1/26/12,1,1,1,13,0,4,1,2,0.38,0.3939,0.71,0
38,1/26/12,1,1,1,14,0,4,1,2,0.4,0.4091,0.71,0.1045
39,1/26/12,1,1,1,15,0,4,1,2,0.42,0.4242,0.71,0.1045
40,1/26/12,1,1,1,16,0,4,1,2,0.4,0.4091,0.71,0.0896
41,1/26/12,1,1,1,17,0,4,1,2,0.42,0.4242,0.71,0
42,1/26/12,1,1,1,18,0,4,1,2,0.42,0.4242,0.71,0
43,1/26/12,1,1,1,19,0,4,1,2,0.4,0.4091,0.76,0.1045
44,1/26/12,1,1,1,20,0,4,1,2,0.4,0.4091,0.82,0.1343
45,1/26/12,1,1,1,21,0,4,1,2,0.4,0.4091,0.76,0.1045
46,1/26/12,1,1,1,22,0,4,1,1,0.38,0.3939,0.82,0.1045
47,1/26/12,1,1,1,23,0,4,1,2,0.4,0.4091,0.82,0
48,1/29/12,1,1,1,0,0,0,0,1,0.3,0.2879,0.33,0.2239
49,1/29/12,1,1,1,1,0,0,0,1,0.3,0.2727,0.28,0.3582
50,1/29/12,1,1,1,2,0,0,0,1,0.28,0.2576,0.26,0.3284
51,1/29/12,1,1,1,3,0,0,0,1,0.26,0.2576,0.28,0.194
52,1/29/12,1,1,1,4,0,0,0,1,0.24,0.2576,0.3,0
53,1/29/12,1,1,1,5,0,0,0,1,0.2,0.2121,0.51,0.1343
54,1/29/12,1,1,1,6,0,0,0,1,0.2,0.2273,0.4,0.1045
55,1/29/12,1,1,1,7,0,0,0,1,0.2,0.2121,0.37,0.1343
56,1/29/12,1,1,1,8,0,0,0,1,0.18,0.197,0.4,0.1343
57,1/29/12,1,1,1,9,0,0,0,1,0.18,0.197,0.43,0.1343
58,1/29/12,1,1,1,10,0,0,0,1,0.24,0.2424,0.35,0.1343
59,1/29/12,1,1,1,11,0,0,0,1,0.28,0.2727,0.28,0.2239
60,1/29/12,1,1,1,12,0,0,0,1,0.32,0.303,0.26,0.2239
61,1/29/12,1,1,1,13,0,0,0,1,0.32,0.303,0.26,0.2239
62,1/29/12,1,1,1,14,0,0,0,1,0.32,0.303,0.26,0.2537
63,1/29/12,1,1,1,15,0,0,0,1,0.36,0.3333,0.25,0.2836
64,1/29/12,1,1,1,16,0,0,0,1,0.36,0.3333,0.21,0.4179
65,1/29/12,1,1,1,17,0,0,0,1,0.36,0.3333,0.21,0.4179
66,1/29/12,1,1,1,18,0,0,0,1,0.34,0.303,0.23,0.3582
67,1/29/12,1,1,1,19,0,0,0,1,0.32,0.303,0.29,0.2537
68,1/29/12,1,1,1,20,0,0,0,1,0.3,0.2879,0.39,0.2239
69,1/29/12,1,1,1,21,0,0,0,1,0.3,0.2879,0.33,0.2836
70,1/29/12,1,1,1,22,0,0,0,1,0.32,0.2879,0.26,0.3881
71,1/29/12,1,1,1,23,0,0,0,1,0.3,0.2727,0.33,0.3284
72,3/2/12,1,1,3,0,0,5,1,1,0.34,0.3333,0.53,0.1642
73,3/2/12,1,1,3,1,0,5,1,1,0.34,0.3182,0.49,0.2239
74,3/2/12,1,1,3,2,0,5,1,1,0.34,0.3182,0.53,0.2836
75,3/2/12,1,1,3,3,0,5,1,1,0.32,0.3182,0.57,0.194
76,3/2/12,1,1,3,4,0,5,1,1,0.32,0.3485,0.61,0
77,3/2/12,1,1,3,5,0,5,1,1,0.3,0.3333,0.7,0
78,3/2/12,1,1,3,6,0,5,1,1,0.3,0.3333,0.7,0
79,3/2/12,1,1,3,7,0,5,1,1,0.3,0.3333,0.7,0
80,3/2/12,1,1,3,8,0,5,1,1,0.28,0.303,0.75,0.0896
81,3/2/12,1,1,3,9,0,5,1,1,0.3,0.3333,0.81,0
82,3/2/12,1,1,3,10,0,5,1,1,0.36,0.3485,0.5,0.1642
83,3/2/12,1,1,3,11,0,5,1,1,0.38,0.3939,0.46,0.194
84,3/2/12,1,1,3,12,0,5,1,1,0.4,0.4091,0.43,0.1642
85,3/2/12,1,1,3,13,0,5,1,1,0.42,0.4242,0.44,0.2239
86,3/2/12,1,1,3,14,0,5,1,2,0.44,0.4394,0.44,0.2836
87,3/2/12,1,1,3,15,0,5,1,2,0.42,0.4242,0.5,0.2985
88,3/2/12,1,1,3,16,0,5,1,3,0.4,0.4091,0.58,0.2985
89,3/2/12,1,1,3,17,0,5,1,3,0.36,0.3485,0.81,0.2239
90,3/2/12,1,1,3,18,0,5,1,3,0.36,0.3485,0.87,0.194
91,3/2/12,1,1,3,19,0,5,1,3,0.36,0.3485,0.87,0.194
92,3/2/12,1,1,3,20,0,5,1,2,0.36,0.3485,0.87,0.194
93,3/2/12,1,1,3,21,0,5,1,3,0.36,0.3636,0.87,0.0896
94,3/2/12,1,1,3,22,0,5,1,2,0.36,0.3788,0.87,0
95,3/2/12,1,1,3,23,0,5,1,2,0.36,0.3788,0.87,0
96,3/9/12,1,1,3,0,0,5,1,2,0.58,0.5455,0.49,0.4627
97,3/9/12,1,1,3,1,0,5,1,3,0.56,0.5303,0.52,0.4925
98,3/9/12,1,1,3,2,0,5,1,3,0.48,0.4697,0.77,0.4179
99,3/9/12,1,1,3,3,0,5,1,1,0.46,0.4545,0.77,0.5224
100,3/9/12,1,1,3,4,0,5,1,3,0.4,0.4091,0.66,0.2836
101,3/9/12,1,1,3,5,0,5,1,3,0.4,0.4091,0.66,0.2836
102,3/9/12,1,1,3,6,0,5,1,2,0.4,0.4091,0.5,0.3582
103,3/9/12,1,1,3,7,0,5,1,2,0.38,0.3939,0.4,0.2985
104,3/9/12,1,1,3,8,0,5,1,2,0.34,0.2879,0.42,0.5224
105,3/9/12,1,1,3,9,0,5,1,2,0.34,0.2879,0.42,0.5224
106,3/9/12,1,1,3,10,0,5,1,2,0.34,0.2879,0.36,0.4925
107,3/9/12,1,1,3,11,0,5,1,2,0.36,0.3333,0.34,0.3582
108,3/9/12,1,1,3,12,0,5,1,1,0.36,0.3333,0.34,0.4179
109,3/9/12,1,1,3,13,0,5,1,2,0.38,0.3939,0.29,0.3881
110,3/9/12,1,1,3,14,0,5,1,1,0.42,0.4242,0.28,0.4627
111,3/9/12,1,1,3,15,0,5,1,1,0.46,0.4545,0.24,0.2537
112,3/9/12,1,1,3,16,0,5,1,1,0.48,0.4697,0.23,0.4179
113,3/9/12,1,1,3,17,0,5,1,1,0.46,0.4545,0.24,0.3881
114,3/9/12,1,1,3,18,0,5,1,1,0.44,0.4394,0.26,0.5224
115,3/9/12,1,1,3,19,0,5,1,1,0.42,0.4242,0.28,0.6119
116,3/9/12,1,1,3,20,0,5,1,1,0.38,0.3939,0.32,0.3582
117,3/9/12,1,1,3,21,0,5,1,1,0.36,0.3333,0.34,0.3284
118,3/9/12,1,1,3,22,0,5,1,1,0.34,0.2879,0.31,0.4925
119,3/9/12,1,1,3,23,0,5,1,1,0.32,0.303,0.33,0.2985
120,3/12/12,1,1,3,0,0,1,1,1,0.38,0.3939,0.54,0.194
121,3/12/12,1,1,3,1,0,1,1,1,0.38,0.3939,0.5,0.1343
122,3/12/12,1,1,3,2,0,1,1,1,0.38,0.3939,0.54,0.1045
123,3/12/12,1,1,3,3,0,1,1,1,0.36,0.3485,0.5,0.1343
124,3/12/12,1,1,3,4,0,1,1,1,0.34,0.3333,0.61,0.194
125,3/12/12,1,1,3,5,0,1,1,1,0.34,0.3333,0.61,0.194
126,3/12/12,1,1,3,6,0,1,1,1,0.34,0.3485,0.57,0.1045
127,3/12/12,1,1,3,7,0,1,1,1,0.34,0.3485,0.53,0.1045
128,3/12/12,1,1,3,8,0,1,1,1,0.34,0.3333,0.61,0.1343
129,3/12/12,1,1,3,9,0,1,1,1,0.38,0.3939,0.54,0.1642
130,3/12/12,1,1,3,10,0,1,1,1,0.4,0.4091,0.5,0.2239
131,3/12/12,1,1,3,11,0,1,1,1,0.44,0.4394,0.44,0.2239
132,3/12/12,1,1,3,12,0,1,1,1,0.48,0.4697,0.39,0.2239
133,3/12/12,1,1,3,13,0,1,1,2,0.54,0.5152,0.32,0.2537
134,3/12/12,1,1,3,14,0,1,1,2,0.58,0.5455,0.32,0.2836
135,3/12/12,1,1,3,15,0,1,1,1,0.56,0.5303,0.4,0.1343
136,3/12/12,1,1,3,16,0,1,1,1,0.62,0.6212,0.35,0.4478
137,3/12/12,1,1,3,17,0,1,1,2,0.62,0.6212,0.38,0.4179
138,3/12/12,1,1,3,18,0,1,1,2,0.6,0.6212,0.43,0.194
139,3/12/12,1,1,3,19,0,1,1,2,0.56,0.5303,0.49,0.2239
140,3/12/12,1,1,3,20,0,1,1,2,0.56,0.5303,0.49,0.2239
141,3/12/12,1,1,3,21,0,1,1,2,0.54,0.5152,0.56,0.2239
142,3/12/12,1,1,3,22,0,1,1,2,0.56,0.5303,0.56,0.2239
143,3/12/12,1,1,3,23,0,1,1,1,0.56,0.5303,0.56,0.2239
144,3/14/12,1,1,3,0,0,3,1,1,0.54,0.5152,0.6,0.1045
145,3/14/12,1,1,3,1,0,3,1,1,0.52,0.5,0.63,0.0896
146,3/14/12,1,1,3,2,0,3,1,1,0.5,0.4848,0.68,0.194
147,3/14/12,1,1,3,3,0,3,1,1,0.48,0.4697,0.72,0.194
148,3/14/12,1,1,3,4,0,3,1,1,0.48,0.4697,0.67,0.0896
149,3/14/12,1,1,3,5,0,3,1,1,0.44,0.4394,0.82,0.1343
150,3/14/12,1,1,3,6,0,3,1,1,0.44,0.4394,0.82,0.0896
151,3/14/12,1,1,3,7,0,3,1,1,0.44,0.4394,0.82,0.1045
152,3/14/12,1,1,3,8,0,3,1,1,0.44,0.4394,0.82,0
153,3/14/12,1,1,3,9,0,3,1,1,0.52,0.5,0.68,0
154,3/14/12,1,1,3,10,0,3,1,1,0.56,0.5303,0.56,0.1045
155,3/14/12,1,1,3,11,0,3,1,2,0.62,0.6212,0.41,0.1642
156,3/14/12,1,1,3,12,0,3,1,2,0.64,0.6212,0.29,0
157,3/14/12,1,1,3,13,0,3,1,1,0.66,0.6212,0.27,0.2239
158,3/14/12,1,1,3,14,0,3,1,1,0.7,0.6364,0.23,0.3284
159,3/14/12,1,1,3,15,0,3,1,1,0.7,0.6364,0.24,0
160,3/14/12,1,1,3,16,0,3,1,1,0.72,0.6364,0.25,0.194
161,3/14/12,1,1,3,17,0,3,1,1,0.7,0.6364,0.28,0.0896
162,3/14/12,1,1,3,18,0,3,1,1,0.7,0.6364,0.32,0
163,3/14/12,1,1,3,19,0,3,1,1,0.64,0.6212,0.33,0.1642
164,3/14/12,1,1,3,20,0,3,1,1,0.62,0.6212,0.35,0.1045
165,3/14/12,1,1,3,21,0,3,1,1,0.6,0.6212,0.4,0.0896
166,3/14/12,1,1,3,22,0,3,1,1,0.52,0.5,0.55,0.1343
167,3/14/12,1,1,3,23,0,3,1,1,0.56,0.5303,0.43,0.1642
168,3/17/12,1,1,3,0,0,6,0,2,0.44,0.4394,0.94,0.0896
169,3/17/12,1,1,3,1,0,6,0,2,0.44,0.4394,0.94,0
170,3/17/12,1,1,3,2,0,6,0,2,0.44,0.4394,0.88,0
171,3/17/12,1,1,3,3,0,6,0,2,0.44,0.4394,0.88,0
172,3/17/12,1,1,3,4,0,6,0,2,0.42,0.4242,0.94,0
173,3/17/12,1,1,3,5,0,6,0,2,0.42,0.4242,0.94,0.0896
174,3/17/12,1,1,3,6,0,6,0,2,0.42,0.4242,0.94,0.194
175,3/17/12,1,1,3,7,0,6,0,2,0.4,0.4091,1,0.1343
176,3/17/12,1,1,3,8,0,6,0,2,0.42,0.4242,0.94,0.1045
177,3/17/12,1,1,3,9,0,6,0,2,0.44,0.4394,0.88,0.0896
178,3/17/12,1,1,3,10,0,6,0,2,0.5,0.4848,0.77,0.0896
179,3/17/12,1,1,3,11,0,6,0,2,0.52,0.5,0.77,0.1343
180,3/17/12,1,1,3,12,0,6,0,1,0.56,0.5303,0.68,0.1642
181,3/17/12,1,1,3,13,0,6,0,1,0.6,0.6061,0.6,0.1045
182,3/17/12,1,1,3,14,0,6,0,1,0.62,0.6212,0.53,0.0896
183,3/17/12,1,1,3,15,0,6,0,1,0.64,0.6212,0.53,0.1343
184,3/17/12,1,1,3,16,0,6,0,1,0.64,0.6212,0.5,0
185,3/17/12,1,1,3,17,0,6,0,1,0.64,0.6212,0.5,0.1343
186,3/17/12,1,1,3,18,0,6,0,1,0.62,0.6212,0.57,0.2985
187,3/17/12,1,1,3,19,0,6,0,1,0.58,0.5455,0.64,0.2836
188,3/17/12,1,1,3,20,0,6,0,1,0.56,0.5303,0.64,0.194
189,3/17/12,1,1,3,21,0,6,0,1,0.54,0.5152,0.68,0.1642
190,3/17/12,1,1,3,22,0,6,0,1,0.54,0.5152,0.68,0
191,3/17/12,1,1,3,23,0,6,0,1,0.5,0.4848,0.77,0.1642
192,3/21/12,2,1,3,0,0,3,1,1,0.52,0.5,0.88,0
193,3/21/12,2,1,3,1,0,3,1,1,0.52,0.5,0.83,0.0896
194,3/21/12,2,1,3,2,0,3,1,1,0.5,0.4848,0.88,0.1343
195,3/21/12,2,1,3,3,0,3,1,2,0.5,0.4848,0.88,0.194
196,3/21/12,2,1,3,4,0,3,1,2,0.5,0.4848,0.88,0.1343
197,3/21/12,2,1,3,5,0,3,1,2,0.5,0.4848,0.88,0.1343
198,3/21/12,2,1,3,6,0,3,1,2,0.48,0.4697,0.94,0.2239
199,3/21/12,2,1,3,7,0,3,1,3,0.48,0.4697,0.94,0.194
200,3/21/12,2,1,3,8,0,3,1,3,0.48,0.4697,0.94,0.1045
201,3/21/12,2,1,3,9,0,3,1,2,0.5,0.4848,0.88,0.1642
202,3/21/12,2,1,3,10,0,3,1,2,0.52,0.5,0.83,0.1642
203,3/21/12,2,1,3,11,0,3,1,2,0.52,0.5,0.83,0.1642
204,3/21/12,2,1,3,12,0,3,1,2,0.54,0.5152,0.77,0
205,3/21/12,2,1,3,13,0,3,1,2,0.54,0.5152,0.83,0
206,3/21/12,2,1,3,14,0,3,1,2,0.56,0.5303,0.78,0
207,3/21/12,2,1,3,15,0,3,1,2,0.56,0.5303,0.78,0
208,3/21/12,2,1,3,16,0,3,1,1,0.58,0.5455,0.73,0
209,3/21/12,2,1,3,17,0,3,1,1,0.6,0.5909,0.69,0.0896
210,3/21/12,2,1,3,18,0,3,1,1,0.6,0.5909,0.69,0
211,3/21/12,2,1,3,19,0,3,1,1,0.6,0.6061,0.64,0
212,3/21/12,2,1,3,20,0,3,1,1,0.56,0.5303,0.78,0.0896
213,3/21/12,2,1,3,21,0,3,1,1,0.54,0.5152,0.83,0.1045
214,3/21/12,2,1,3,22,0,3,1,1,0.52,0.5,0.83,0.1642
215,3/21/12,2,1,3,23,0,3,1,1,0.54,0.5152,0.77,0
216,3/24/12,2,1,3,0,0,6,0,1,0.58,0.5455,0.68,0
217,3/24/12,2,1,3,1,0,6,0,1,0.56,0.5303,0.73,0.0896
218,3/24/12,2,1,3,2,0,6,0,1,0.54,0.5152,0.77,0.1045
219,3/24/12,2,1,3,3,0,6,0,1,0.54,0.5152,0.77,0.1045
220,3/24/12,2,1,3,4,0,6,0,1,0.52,0.5,0.83,0.0896
221,3/24/12,2,1,3,5,0,6,0,2,0.52,0.5,0.83,0.1642
222,3/24/12,2,1,3,6,0,6,0,2,0.52,0.5,0.83,0.1642
223,3/24/12,2,1,3,7,0,6,0,2,0.5,0.4848,0.88,0.1343
224,3/24/12,2,1,3,8,0,6,0,2,0.5,0.4848,0.94,0.194
225,3/24/12,2,1,3,9,0,6,0,2,0.52,0.5,0.83,0.1343
226,3/24/12,2,1,3,10,0,6,0,2,0.52,0.5,0.88,0.194
227,3/24/12,2,1,3,11,0,6,0,2,0.5,0.4848,0.94,0.194
228,3/24/12,2,1,3,12,0,6,0,3,0.52,0.5,0.94,0.2239
229,3/24/12,2,1,3,13,0,6,0,3,0.52,0.5,0.94,0.2537
230,3/24/12,2,1,3,14,0,6,0,3,0.52,0.5,0.88,0.3582
231,3/24/12,2,1,3,15,0,6,0,3,0.5,0.4848,0.94,0.4179
232,3/24/12,2,1,3,16,0,6,0,3,0.5,0.4848,0.94,0.2985
233,3/24/12,2,1,3,17,0,6,0,3,0.5,0.4848,0.88,0.2239
234,3/24/12,2,1,3,18,0,6,0,3,0.46,0.4545,0.94,0.2239
235,3/24/12,2,1,3,19,0,6,0,3,0.46,0.4545,0.94,0.1343
236,3/24/12,2,1,3,20,0,6,0,3,0.44,0.4394,1,0.194
237,3/24/12,2,1,3,21,0,6,0,3,0.44,0.4394,1,0.194
238,3/24/12,2,1,3,22,0,6,0,3,0.44,0.4394,1,0.2537
239,3/24/12,2,1,3,23,0,6,0,2,0.44,0.4394,0.94,0.2836
240,4/3/12,2,1,4,0,0,2,1,1,0.4,0.4091,0.43,0.1343
241,4/3/12,2,1,4,1,0,2,1,1,0.38,0.3939,0.46,0.2239
242,4/3/12,2,1,4,2,0,2,1,1,0.36,0.3485,0.53,0.1642
243,4/3/12,2,1,4,3,0,2,1,1,0.38,0.3939,0.46,0
244,4/3/12,2,1,4,4,0,2,1,1,0.32,0.3333,0.66,0.0896
245,4/3/12,2,1,4,5,0,2,1,1,0.32,0.3333,0.66,0.0896
246,4/3/12,2,1,4,6,0,2,1,1,0.3,0.3182,0.61,0.0896
247,4/3/12,2,1,4,7,0,2,1,1,0.32,0.3333,0.66,0.0896
248,4/3/12,2,1,4,8,0,2,1,1,0.34,0.3636,0.57,0
249,4/3/12,2,1,4,9,0,2,1,1,0.42,0.4242,0.38,0.0896
250,4/3/12,2,1,4,10,0,2,1,1,0.44,0.4394,0.33,0
251,4/3/12,2,1,4,11,0,2,1,1,0.48,0.4697,0.23,0
252,4/3/12,2,1,4,12,0,2,1,1,0.52,0.5,0.25,0
253,4/3/12,2,1,4,13,0,2,1,1,0.56,0.5303,0.19,0.2537
254,4/3/12,2,1,4,14,0,2,1,1,0.56,0.5303,0.21,0.2239
255,4/3/12,2,1,4,15,0,2,1,1,0.6,0.5909,0.2,0.194
256,4/3/12,2,1,4,16,0,2,1,1,0.62,0.6061,0.21,0.1642
257,4/3/12,2,1,4,17,0,2,1,1,0.62,0.6061,0.17,0.194
258,4/3/12,2,1,4,18,0,2,1,1,0.6,0.6061,0.26,0.1642
259,4/3/12,2,1,4,19,0,2,1,1,0.56,0.5303,0.26,0.1045
260,4/3/12,2,1,4,20,0,2,1,1,0.56,0.5303,0.24,0.1343
261,4/3/12,2,1,4,21,0,2,1,1,0.54,0.5152,0.45,0
262,4/3/12,2,1,4,22,0,2,1,1,0.5,0.4848,0.51,0
263,4/3/12,2,1,4,23,0,2,1,1,0.5,0.4848,0.59,0
264,5/10/12,2,1,5,0,0,4,1,3,0.5,0.4848,0.77,0.1642
265,5/10/12,2,1,5,1,0,4,1,2,0.48,0.4697,0.88,0.1343
266,5/10/12,2,1,5,2,0,4,1,2,0.48,0.4697,0.88,0.1045
267,5/10/12,2,1,5,3,0,4,1,1,0.46,0.4545,0.88,0.2239
268,5/10/12,2,1,5,4,0,4,1,1,0.46,0.4545,0.77,0.194
269,5/10/12,2,1,5,5,0,4,1,1,0.46,0.4545,0.72,0.2985
270,5/10/12,2,1,5,6,0,4,1,1,0.44,0.4394,0.72,0.2239
271,5/10/12,2,1,5,7,0,4,1,1,0.44,0.4394,0.72,0.2985
272,5/10/12,2,1,5,8,0,4,1,1,0.46,0.4545,0.67,0.3582
273,5/10/12,2,1,5,9,0,4,1,1,0.5,0.4848,0.59,0.4627
274,5/10/12,2,1,5,10,0,4,1,1,0.5,0.4848,0.51,0.4179
275,5/10/12,2,1,5,11,0,4,1,1,0.52,0.5,0.48,0.5224
276,5/10/12,2,1,5,12,0,4,1,1,0.52,0.5,0.48,0.4179
277,5/10/12,2,1,5,13,0,4,1,1,0.54,0.5152,0.39,0.4478
278,5/10/12,2,1,5,14,0,4,1,1,0.56,0.5303,0.37,0.4179
279,5/10/12,2,1,5,15,0,4,1,1,0.54,0.5152,0.37,0.3881
280,5/10/12,2,1,5,16,0,4,1,1,0.58,0.5455,0.3,0.4627
281,5/10/12,2,1,5,17,0,4,1,1,0.6,0.6212,0.31,0.3881
282,5/10/12,2,1,5,18,0,4,1,1,0.56,0.5303,0.35,0.5224
283,5/10/12,2,1,5,19,0,4,1,1,0.54,0.5152,0.37,0.3582
284,5/10/12,2,1,5,20,0,4,1,1,0.52,0.5,0.4,0.3284
285,5/10/12,2,1,5,21,0,4,1,1,0.5,0.4848,0.42,0.194
286,5/10/12,2,1,5,22,0,4,1,1,0.5,0.4848,0.42,0.1045
287,5/10/12,2,1,5,23,0,4,1,1,0.48,0.4697,0.48,0.1045
288,5/11/12,2,1,5,0,0,5,1,1,0.46,0.4545,0.55,0.1045
289,5/11/12,2,1,5,1,0,5,1,1,0.46,0.4545,0.51,0.1343
290,5/11/12,2,1,5,2,0,5,1,1,0.46,0.4545,0.44,0.1642
291,5/11/12,2,1,5,3,0,5,1,1,0.46,0.4545,0.41,0.2836
292,5/11/12,2,1,5,4,0,5,1,1,0.42,0.4242,0.5,0.194
293,5/11/12,2,1,5,5,0,5,1,1,0.42,0.4242,0.47,0.1642
294,5/11/12,2,1,5,6,0,5,1,1,0.42,0.4242,0.5,0.2537
295,5/11/12,2,1,5,7,0,5,1,1,0.42,0.4242,0.5,0.2537
296,5/11/12,2,1,5,8,0,5,1,1,0.46,0.4545,0.44,0.2537
297,5/11/12,2,1,5,9,0,5,1,1,0.48,0.4697,0.41,0.2985
298,5/11/12,2,1,5,10,0,5,1,1,0.52,0.5,0.36,0.3284
299,5/11/12,2,1,5,11,0,5,1,1,0.56,0.5303,0.35,0.2537
300,5/11/12,2,1,5,12,0,5,1,1,0.56,0.5303,0.28,0.4179
301,5/11/12,2,1,5,13,0,5,1,1,0.6,0.6061,0.26,0.3881
302,5/11/12,2,1,5,14,0,5,1,1,0.62,0.6061,0.23,0.2239
303,5/11/12,2,1,5,15,0,5,1,1,0.62,0.6061,0.25,0.194
304,5/11/12,2,1,5,16,0,5,1,1,0.62,0.6061,0.25,0.3284
305,5/11/12,2,1,5,17,0,5,1,1,0.64,0.6061,0.23,0.2537
306,5/11/12,2,1,5,18,0,5,1,1,0.64,0.6061,0.23,0.2836
307,5/11/12,2,1,5,19,0,5,1,1,0.64,0.6061,0.23,0.2537
308,5/11/12,2,1,5,20,0,5,1,1,0.62,0.6061,0.25,0.1343
309,5/11/12,2,1,5,21,0,5,1,1,0.6,0.6061,0.28,0.1045
310,5/11/12,2,1,5,22,0,5,1,1,0.56,0.5303,0.35,0.2239
311,5/11/12,2,1,5,23,0,5,1,1,0.54,0.5152,0.37,0.194
312,5/12/12,2,1,5,0,0,6,0,1,0.52,0.5,0.42,0.1642
313,5/12/12,2,1,5,1,0,6,0,1,0.5,0.4848,0.48,0
314,5/12/12,2,1,5,2,0,6,0,1,0.46,0.4545,0.59,0.1343
315,5/12/12,2,1,5,3,0,6,0,1,0.48,0.4697,0.59,0
316,5/12/12,2,1,5,4,0,6,0,1,0.44,0.4394,0.67,0.1045
317,5/12/12,2,1,5,5,0,6,0,1,0.42,0.4242,0.67,0.1343
318,5/12/12,2,1,5,6,0,6,0,1,0.42,0.4242,0.67,0.0896
319,5/12/12,2,1,5,7,0,6,0,1,0.42,0.4242,0.71,0.1343
320,5/12/12,2,1,5,8,0,6,0,1,0.52,0.5,0.48,0
321,5/12/12,2,1,5,9,0,6,0,1,0.54,0.5152,0.49,0
322,5/12/12,2,1,5,10,0,6,0,1,0.56,0.5303,0.49,0.0896
323,5/12/12,2,1,5,11,0,6,0,1,0.62,0.6212,0.41,0.0896
324,5/12/12,2,1,5,12,0,6,0,1,0.64,0.6212,0.36,0.1642
325,5/12/12,2,1,5,13,0,6,0,1,0.64,0.6212,0.36,0.194
326,5/12/12,2,1,5,14,0,6,0,1,0.66,0.6212,0.36,0.194
327,5/12/12,2,1,5,15,0,6,0,1,0.68,0.6212,0.24,0.194
328,5/12/12,2,1,5,16,0,6,0,2,0.7,0.6364,0.21,0.194
329,5/12/12,2,1,5,17,0,6,0,2,0.66,0.6212,0.36,0.194
330,5/12/12,2,1,5,18,0,6,0,2,0.66,0.6212,0.31,0.194
331,5/12/12,2,1,5,19,0,6,0,2,0.64,0.6212,0.36,0.1642
332,5/12/12,2,1,5,20,0,6,0,1,0.62,0.6212,0.46,0.1642
333,5/12/12,2,1,5,21,0,6,0,2,0.6,0.6061,0.6,0.1343
334,5/12/12,2,1,5,22,0,6,0,1,0.56,0.5303,0.68,0.1343
335,5/12/12,2,1,5,23,0,6,0,1,0.58,0.5455,0.56,0.0896
336,5/26/12,2,1,5,0,0,6,0,1,0.64,0.5758,0.83,0.1642
337,5/26/12,2,1,5,1,0,6,0,1,0.64,0.5758,0.83,0.1343
338,5/26/12,2,1,5,2,0,6,0,1,0.64,0.5758,0.89,0.1343
339,5/26/12,2,1,5,3,0,6,0,1,0.62,0.5606,0.88,0.1045
340,5/26/12,2,1,5,4,0,6,0,1,0.62,0.5606,0.88,0.1343
341,5/26/12,2,1,5,5,0,6,0,1,0.62,0.5758,0.83,0.2537
342,5/26/12,2,1,5,6,0,6,0,1,0.62,0.5606,0.88,0.194
343,5/26/12,2,1,5,7,0,6,0,2,0.62,0.5606,0.88,0.1642
344,5/26/12,2,1,5,8,0,6,0,1,0.64,0.5909,0.78,0.1343
345,5/26/12,2,1,5,9,0,6,0,1,0.64,0.5758,0.83,0.194
346,5/26/12,2,1,5,10,0,6,0,1,0.68,0.6364,0.79,0.2239
347,5/26/12,2,1,5,11,0,6,0,1,0.7,0.6667,0.74,0.194
348,5/26/12,2,1,5,12,0,6,0,1,0.74,0.697,0.66,0.2239
349,5/26/12,2,1,5,13,0,6,0,1,0.76,0.7273,0.66,0.194
350,5/26/12,2,1,5,14,0,6,0,1,0.76,0.7273,0.66,0.2239
351,5/26/12,2,1,5,15,0,6,0,1,0.76,0.7273,0.66,0.2836
352,5/26/12,2,1,5,16,0,6,0,1,0.78,0.7273,0.55,0.2537
353,5/26/12,2,1,5,17,0,6,0,2,0.78,0.7121,0.52,0.2537
354,5/26/12,2,1,5,18,0,6,0,2,0.76,0.697,0.52,0.194
355,5/26/12,2,1,5,19,0,6,0,2,0.74,0.697,0.66,0.2239
356,5/26/12,2,1,5,20,0,6,0,2,0.74,0.6818,0.55,0.194
357,5/26/12,2,1,5,21,0,6,0,2,0.72,0.6818,0.62,0.194
358,5/26/12,2,1,5,22,0,6,0,1,0.7,0.6667,0.74,0.2537
359,5/26/12,2,1,5,23,0,6,0,1,0.7,0.6667,0.74,0.2537
360,6/16/12,2,1,6,0,0,6,0,1,0.58,0.5455,0.56,0.1343
361,6/16/12,2,1,6,1,0,6,0,1,0.56,0.5303,0.56,0
362,6/16/12,2,1,6,2,0,6,0,1,0.58,0.5455,0.53,0
363,6/16/12,2,1,6,3,0,6,0,1,0.56,0.5303,0.6,0.0896
364,6/16/12,2,1,6,4,0,6,0,1,0.54,0.5152,0.68,0.1343
365,6/16/12,2,1,6,5,0,6,0,1,0.54,0.5152,0.68,0.1045
366,6/16/12,2,1,6,6,0,6,0,1,0.54,0.5152,0.68,0.194
367,6/16/12,2,1,6,7,0,6,0,1,0.54,0.5152,0.68,0.194
368,6/16/12,2,1,6,8,0,6,0,1,0.58,0.5455,0.64,0.1642
369,6/16/12,2,1,6,9,0,6,0,1,0.6,0.6061,0.6,0.0896
370,6/16/12,2,1,6,10,0,6,0,1,0.64,0.6212,0.47,0.194
371,6/16/12,2,1,6,11,0,6,0,1,0.66,0.6212,0.39,0.1642
372,6/16/12,2,1,6,12,0,6,0,1,0.68,0.6364,0.41,0.1045
373,6/16/12,2,1,6,13,0,6,0,1,0.72,0.6515,0.34,0.1642
374,6/16/12,2,1,6,14,0,6,0,1,0.72,0.6515,0.37,0.2239
375,6/16/12,2,1,6,15,0,6,0,1,0.74,0.6515,0.35,0.2537
376,6/16/12,2,1,6,16,0,6,0,2,0.72,0.6515,0.37,0.1045
377,6/16/12,2,1,6,17,0,6,0,2,0.72,0.6515,0.37,0.2537
378,6/16/12,2,1,6,18,0,6,0,2,0.72,0.6515,0.37,0.2239
379,6/16/12,2,1,6,19,0,6,0,2,0.7,0.6364,0.42,0.194
380,6/16/12,2,1,6,20,0,6,0,2,0.66,0.6212,0.47,0.194
381,6/16/12,2,1,6,21,0,6,0,2,0.64,0.6212,0.5,0.2239
382,6/16/12,2,1,6,22,0,6,0,1,0.62,0.6212,0.53,0.2985
383,6/16/12,2,1,6,23,0,6,0,1,0.6,0.6212,0.53,0.2985
384,6/21/12,3,1,6,0,0,4,1,1,0.74,0.697,0.7,0.0896
385,6/21/12,3,1,6,1,0,4,1,1,0.72,0.697,0.79,0.1343
386,6/21/12,3,1,6,2,0,4,1,1,0.72,0.697,0.79,0.1045
387,6/21/12,3,1,6,3,0,4,1,1,0.72,0.697,0.74,0
388,6/21/12,3,1,6,4,0,4,1,1,0.7,0.6667,0.84,0.0896
389,6/21/12,3,1,6,5,0,4,1,1,0.7,0.6667,0.84,0.1045
390,6/21/12,3,1,6,6,0,4,1,2,0.7,0.6667,0.84,0.0896
391,6/21/12,3,1,6,7,0,4,1,2,0.7,0.6667,0.84,0.0896
392,6/21/12,3,1,6,8,0,4,1,1,0.74,0.697,0.7,0
393,6/21/12,3,1,6,9,0,4,1,1,0.8,0.7576,0.55,0.194
394,6/21/12,3,1,6,10,0,4,1,1,0.84,0.7879,0.49,0.1045
395,6/21/12,3,1,6,11,0,4,1,1,0.86,0.7879,0.41,0.1343
396,6/21/12,3,1,6,12,0,4,1,1,0.9,0.8182,0.35,0.194
397,6/21/12,3,1,6,13,0,4,1,1,0.9,0.8182,0.35,0
398,6/21/12,3,1,6,14,0,4,1,1,0.88,0.7879,0.37,0.1642
399,6/21/12,3,1,6,15,0,4,1,1,0.92,0.8333,0.33,0.1642
400,6/21/12,3,1,6,16,0,4,1,1,0.9,0.8182,0.35,0.1343
401,6/21/12,3,1,6,17,0,4,1,1,0.88,0.7879,0.37,0
402,6/21/12,3,1,6,18,0,4,1,1,0.86,0.7879,0.41,0.194
403,6/21/12,3,1,6,19,0,4,1,1,0.88,0.803,0.39,0.2239
404,6/21/12,3,1,6,20,0,4,1,1,0.86,0.7879,0.44,0.194
405,6/21/12,3,1,6,21,0,4,1,1,0.82,0.7727,0.52,0.194
406,6/21/12,3,1,6,22,0,4,1,1,0.8,0.7879,0.63,0.1642
407,6/21/12,3,1,6,23,0,4,1,1,0.8,0.7727,0.59,0.0896
408,6/22/12,3,1,6,0,0,5,1,2,0.76,0.7273,0.7,0.1045
409,6/22/12,3,1,6,1,0,5,1,1,0.76,0.7424,0.75,0.1642
410,6/22/12,3,1,6,2,0,5,1,1,0.74,0.7121,0.79,0
411,6/22/12,3,1,6,3,0,5,1,1,0.74,0.7121,0.79,0
412,6/22/12,3,1,6,4,0,5,1,2,0.76,0.7273,0.66,0
413,6/22/12,3,1,6,5,0,5,1,2,0.74,0.697,0.66,0.0896
414,6/22/12,3,1,6,6,0,5,1,2,0.74,0.697,0.66,0
415,6/22/12,3,1,6,7,0,5,1,1,0.74,0.6818,0.58,0.1642
416,6/22/12,3,1,6,8,0,5,1,1,0.76,0.697,0.55,0.1343
417,6/22/12,3,1,6,9,0,5,1,1,0.76,0.7121,0.58,0.2239
418,6/22/12,3,1,6,10,0,5,1,1,0.8,0.7424,0.52,0.3582
419,6/22/12,3,1,6,11,0,5,1,1,0.8,0.7424,0.49,0.1642
420,6/22/12,3,1,6,12,0,5,1,1,0.84,0.7879,0.49,0.1343
421,6/22/12,3,1,6,13,0,5,1,1,0.88,0.803,0.39,0.2239
422,6/22/12,3,1,6,14,0,5,1,1,0.88,0.803,0.39,0.2239
423,6/22/12,3,1,6,15,0,5,1,1,0.9,0.8182,0.35,0.3582
424,6/22/12,3,1,6,16,0,5,1,1,0.9,0.803,0.31,0.2239
425,6/22/12,3,1,6,17,0,5,1,2,0.82,0.7273,0.38,0.1642
426,6/22/12,3,1,6,18,0,5,1,2,0.8,0.7576,0.55,0.194
427,6/22/12,3,1,6,19,0,5,1,2,0.76,0.697,0.55,0.5224
428,6/22/12,3,1,6,20,0,5,1,2,0.76,0.697,0.55,0.5224
429,6/22/12,3,1,6,21,0,5,1,3,0.68,0.6364,0.65,0.2836
430,6/22/12,3,1,6,22,0,5,1,1,0.68,0.6364,0.69,0.1343
431,6/22/12,3,1,6,23,0,5,1,2,0.66,0.6212,0.74,0
432,6/23/12,3,1,6,0,0,6,0,1,0.64,0.5758,0.83,0
433,6/23/12,3,1,6,1,0,6,0,1,0.66,0.6061,0.78,0.1343
434,6/23/12,3,1,6,2,0,6,0,2,0.64,0.5758,0.83,0.194
435,6/23/12,3,1,6,3,0,6,0,2,0.64,0.5758,0.83,0.0896
436,6/23/12,3,1,6,4,0,6,0,2,0.64,0.5758,0.83,0.1642
437,6/23/12,3,1,6,5,0,6,0,2,0.64,0.5758,0.83,0.194
438,6/23/12,3,1,6,6,0,6,0,1,0.64,0.5758,0.83,0.0896
439,6/23/12,3,1,6,7,0,6,0,1,0.64,0.5758,0.83,0.1642
440,6/23/12,3,1,6,8,0,6,0,1,0.68,0.6364,0.69,0.2239
441,6/23/12,3,1,6,9,0,6,0,1,0.72,0.6818,0.62,0.194
442,6/23/12,3,1,6,10,0,6,0,1,0.74,0.6818,0.55,0.194
443,6/23/12,3,1,6,11,0,6,0,1,0.76,0.6818,0.48,0.2239
444,6/23/12,3,1,6,12,0,6,0,1,0.8,0.7273,0.43,0.194
445,6/23/12,3,1,6,13,0,6,0,1,0.82,0.7273,0.34,0.194
446,6/23/12,3,1,6,14,0,6,0,1,0.78,0.6818,0.33,0.2537
447,6/23/12,3,1,6,15,0,6,0,1,0.84,0.7273,0.3,0.3284
448,6/23/12,3,1,6,16,0,6,0,1,0.84,0.7121,0.26,0.2985
449,6/23/12,3,1,6,17,0,6,0,1,0.82,0.7121,0.26,0.2537
450,6/23/12,3,1,6,18,0,6,0,1,0.82,0.7121,0.26,0.2985
451,6/23/12,3,1,6,19,0,6,0,1,0.8,0.697,0.27,0.194
452,6/23/12,3,1,6,20,0,6,0,1,0.78,0.6818,0.31,0.194
453,6/23/12,3,1,6,21,0,6,0,1,0.76,0.6667,0.33,0.1343
454,6/23/12,3,1,6,22,0,6,0,1,0.74,0.6515,0.37,0.1045
455,6/23/12,3,1,6,23,0,6,0,1,0.72,0.6515,0.44,0
456,7/15/12,3,1,7,0,0,0,0,1,0.68,0.6364,0.89,0.1642
457,7/15/12,3,1,7,1,0,0,0,2,0.68,0.6364,0.89,0.1343
458,7/15/12,3,1,7,2,0,0,0,2,0.68,0.6364,0.89,0.1642
459,7/15/12,3,1,7,3,0,0,0,2,0.68,0.6364,0.89,0.1642
460,7/15/12,3,1,7,4,0,0,0,2,0.68,0.6364,0.89,0.1045
461,7/15/12,3,1,7,5,0,0,0,1,0.68,0.6364,0.89,0.1343
462,7/15/12,3,1,7,6,0,0,0,1,0.68,0.6364,0.83,0.1343
463,7/15/12,3,1,7,7,0,0,0,1,0.7,0.6667,0.79,0.0896
464,7/15/12,3,1,7,8,0,0,0,2,0.7,0.6667,0.84,0.1343
465,7/15/12,3,1,7,9,0,0,0,2,0.72,0.697,0.79,0
466,7/15/12,3,1,7,10,0,0,0,1,0.76,0.7273,0.66,0.1343
467,7/15/12,3,1,7,11,0,0,0,1,0.82,0.7727,0.52,0.1642
468,7/15/12,3,1,7,12,0,0,0,1,0.84,0.7727,0.47,0.1045
469,7/15/12,3,1,7,13,0,0,0,1,0.86,0.7879,0.41,0.1045
470,7/15/12,3,1,7,14,0,0,0,1,0.9,0.8182,0.37,0.2537
471,7/15/12,3,1,7,15,0,0,0,1,0.86,0.803,0.47,0.1343
472,7/15/12,3,1,7,16,0,0,0,1,0.86,0.7879,0.41,0.2239
473,7/15/12,3,1,7,17,0,0,0,1,0.8,0.7727,0.59,0.4925
474,7/15/12,3,1,7,18,0,0,0,3,0.72,0.697,0.79,0.3582
475,7/15/12,3,1,7,19,0,0,0,1,0.72,0.7121,0.84,0.2239
476,7/15/12,3,1,7,20,0,0,0,1,0.72,0.697,0.79,0.2537
477,7/15/12,3,1,7,21,0,0,0,1,0.72,0.697,0.79,0.0896
478,7/15/12,3,1,7,22,0,0,0,1,0.72,0.697,0.74,0.1045
479,7/15/12,3,1,7,23,0,0,0,1,0.72,0.697,0.79,0.1343
480,7/21/12,3,1,7,0,0,6,0,3,0.62,0.5758,0.83,0.2836
481,7/21/12,3,1,7,1,0,6,0,2,0.62,0.5758,0.83,0.2537
482,7/21/12,3,1,7,2,0,6,0,3,0.6,0.5455,0.88,0.2836
483,7/21/12,3,1,7,3,0,6,0,3,0.6,0.5455,0.88,0.2537
484,7/21/12,3,1,7,4,0,6,0,3,0.58,0.5455,0.88,0.2836
485,7/21/12,3,1,7,5,0,6,0,3,0.58,0.5455,0.88,0.2537
486,7/21/12,3,1,7,6,0,6,0,3,0.58,0.5455,0.88,0.2537
487,7/21/12,3,1,7,7,0,6,0,2,0.58,0.5455,0.88,0.2537
488,7/21/12,3,1,7,8,0,6,0,2,0.58,0.5455,0.83,0.2537
489,7/21/12,3,1,7,9,0,6,0,2,0.58,0.5455,0.83,0.194
490,7/21/12,3,1,7,10,0,6,0,3,0.58,0.5455,0.88,0.2537
491,7/21/12,3,1,7,11,0,6,0,2,0.6,0.5606,0.83,0.2537
492,7/21/12,3,1,7,12,0,6,0,3,0.6,0.5606,0.83,0.2239
493,7/21/12,3,1,7,13,0,6,0,3,0.6,0.5606,0.83,0.1642
494,7/21/12,3,1,7,14,0,6,0,2,0.6,0.5455,0.88,0.2537
495,7/21/12,3,1,7,15,0,6,0,3,0.6,0.5455,0.88,0.2537
496,7/21/12,3,1,7,16,0,6,0,3,0.6,0.5455,0.88,0.194
497,7/21/12,3,1,7,17,0,6,0,3,0.6,0.5455,0.88,0.1642
498,7/21/12,3,1,7,18,0,6,0,2,0.6,0.5455,0.88,0.194
499,7/21/12,3,1,7,19,0,6,0,2,0.6,0.5455,0.88,0.1642
500,7/21/12,3,1,7,20,0,6,0,3,0.6,0.5455,0.88,0.1642
501,7/21/12,3,1,7,21,0,6,0,2,0.6,0.5455,0.88,0.1642
502,7/21/12,3,1,7,22,0,6,0,2,0.6,0.5455,0.88,0.1045
503,7/21/12,3,1,7,23,0,6,0,2,0.6,0.5455,0.88,0
504,7/26/12,3,1,7,0,0,4,1,1,0.66,0.6212,0.65,0.194
505,7/26/12,3,1,7,1,0,4,1,1,0.66,0.6212,0.65,0.2239
506,7/26/12,3,1,7,2,0,4,1,1,0.66,0.6212,0.69,0.2537
507,7/26/12,3,1,7,3,0,4,1,1,0.66,0.6212,0.69,0.2239
508,7/26/12,3,1,7,4,0,4,1,1,0.66,0.6212,0.74,0.194
509,7/26/12,3,1,7,5,0,4,1,1,0.66,0.6212,0.74,0.194
510,7/26/12,3,1,7,6,0,4,1,1,0.66,0.6061,0.78,0.2537
511,7/26/12,3,1,7,7,0,4,1,1,0.7,0.6667,0.74,0.2537
512,7/26/12,3,1,7,8,0,4,1,2,0.7,0.6667,0.74,0.2537
513,7/26/12,3,1,7,9,0,4,1,2,0.72,0.6818,0.7,0.1343
514,7/26/12,3,1,7,10,0,4,1,1,0.74,0.697,0.7,0.2239
515,7/26/12,3,1,7,11,0,4,1,1,0.8,0.803,0.66,0.2239
516,7/26/12,3,1,7,12,0,4,1,1,0.84,0.8182,0.56,0.2537
517,7/26/12,3,1,7,13,0,4,1,1,0.86,0.8333,0.53,0.2985
518,7/26/12,3,1,7,14,0,4,1,1,0.9,0.8788,0.47,0.2537
519,7/26/12,3,1,7,15,0,4,1,1,0.92,0.8939,0.42,0.2985
520,7/26/12,3,1,7,16,0,4,1,1,0.94,0.8788,0.38,0.3881
521,7/26/12,3,1,7,17,0,4,1,1,0.9,0.8636,0.45,0.4179
522,7/26/12,3,1,7,18,0,4,1,1,0.92,0.8788,0.4,0.3582
523,7/26/12,3,1,7,19,0,4,1,1,0.9,0.8636,0.45,0.3284
524,7/26/12,3,1,7,20,0,4,1,1,0.86,0.8182,0.5,0.2537
525,7/26/12,3,1,7,21,0,4,1,1,0.8,0.7424,0.49,0.6119
526,7/26/12,3,1,7,22,0,4,1,1,0.8,0.7424,0.49,0.6119
527,7/26/12,3,1,7,23,0,4,1,1,0.72,0.6818,0.7,0.1343
528,8/19/12,3,1,8,0,0,0,0,1,0.66,0.6212,0.57,0.0896
529,8/19/12,3,1,8,1,0,0,0,1,0.64,0.6061,0.65,0
530,8/19/12,3,1,8,2,0,0,0,2,0.62,0.6061,0.69,0.0896
531,8/19/12,3,1,8,3,0,0,0,2,0.62,0.6061,0.61,0.1642
532,8/19/12,3,1,8,4,0,0,0,2,0.62,0.6061,0.65,0.1642
533,8/19/12,3,1,8,5,0,0,0,2,0.6,0.5909,0.73,0.1343
534,8/19/12,3,1,8,6,0,0,0,2,0.62,0.6061,0.69,0.1045
535,8/19/12,3,1,8,7,0,0,0,2,0.62,0.6061,0.69,0.1343
536,8/19/12,3,1,8,8,0,0,0,2,0.64,0.6061,0.69,0.1045
537,8/19/12,3,1,8,9,0,0,0,2,0.66,0.6212,0.74,0
538,8/19/12,3,1,8,10,0,0,0,2,0.68,0.6364,0.69,0
539,8/19/12,3,1,8,11,0,0,0,3,0.64,0.5909,0.78,0.1642
540,8/19/12,3,1,8,12,0,0,0,3,0.64,0.6061,0.73,0
541,8/19/12,3,1,8,13,0,0,0,3,0.64,0.5758,0.83,0.1343
542,8/19/12,3,1,8,14,0,0,0,3,0.64,0.6061,0.73,0
543,8/19/12,3,1,8,15,0,0,0,2,0.64,0.6061,0.65,0
544,8/19/12,3,1,8,16,0,0,0,2,0.66,0.6212,0.65,0
545,8/19/12,3,1,8,17,0,0,0,2,0.64,0.5909,0.78,0.1045
546,8/19/12,3,1,8,18,0,0,0,2,0.64,0.5909,0.78,0.1045
547,8/19/12,3,1,8,19,0,0,0,2,0.64,0.6061,0.73,0.1343
548,8/19/12,3,1,8,20,0,0,0,2,0.64,0.6061,0.73,0.194
549,8/19/12,3,1,8,21,0,0,0,3,0.62,0.5909,0.78,0.0896
550,8/19/12,3,1,8,22,0,0,0,2,0.62,0.5909,0.78,0.1642
551,8/19/12,3,1,8,23,0,0,0,2,0.62,0.5909,0.73,0
552,8/24/12,3,1,8,0,0,5,1,2,0.66,0.6212,0.69,0
553,8/24/12,3,1,8,1,0,5,1,2,0.64,0.6061,0.73,0
554,8/24/12,3,1,8,2,0,5,1,1,0.66,0.6212,0.69,0
555,8/24/12,3,1,8,3,0,5,1,1,0.64,0.6061,0.73,0
556,8/24/12,3,1,8,4,0,5,1,2,0.64,0.6061,0.73,0
557,8/24/12,3,1,8,5,0,5,1,1,0.64,0.5909,0.78,0
558,8/24/12,3,1,8,6,0,5,1,2,0.62,0.5758,0.83,0
559,8/24/12,3,1,8,7,0,5,1,2,0.64,0.5909,0.78,0
560,8/24/12,3,1,8,8,0,5,1,2,0.66,0.6212,0.74,0
561,8/24/12,3,1,8,9,0,5,1,2,0.72,0.6667,0.58,0
562,8/24/12,3,1,8,10,0,5,1,2,0.76,0.6818,0.48,0
563,8/24/12,3,1,8,11,0,5,1,2,0.76,0.6818,0.48,0.1045
564,8/24/12,3,1,8,12,0,5,1,2,0.76,0.6818,0.45,0.0896
565,8/24/12,3,1,8,13,0,5,1,2,0.8,0.7121,0.41,0.1045
566,8/24/12,3,1,8,14,0,5,1,1,0.78,0.697,0.43,0.1045
567,8/24/12,3,1,8,15,0,5,1,2,0.76,0.6818,0.48,0.1343
568,8/24/12,3,1,8,16,0,5,1,2,0.76,0.6818,0.48,0.1343
569,8/24/12,3,1,8,17,0,5,1,2,0.74,0.6667,0.51,0.2239
570,8/24/12,3,1,8,18,0,5,1,2,0.72,0.6818,0.62,0.194
571,8/24/12,3,1,8,19,0,5,1,2,0.72,0.6667,0.58,0.1642
572,8/24/12,3,1,8,20,0,5,1,2,0.7,0.6515,0.65,0.2239
573,8/24/12,3,1,8,21,0,5,1,2,0.7,0.6515,0.61,0.1642
574,8/24/12,3,1,8,22,0,5,1,2,0.7,0.6515,0.61,0
575,8/24/12,3,1,8,23,0,5,1,2,0.68,0.6364,0.69,0.0896
576,9/1/12,3,1,9,0,0,6,0,1,0.74,0.6818,0.62,0.1045
577,9/1/12,3,1,9,1,0,6,0,1,0.72,0.697,0.74,0.1343
578,9/1/12,3,1,9,2,0,6,0,1,0.7,0.6515,0.7,0.1642
579,9/1/12,3,1,9,3,0,6,0,1,0.7,0.6515,0.7,0.1045
580,9/1/12,3,1,9,4,0,6,0,1,0.7,0.6515,0.7,0
581,9/1/12,3,1,9,5,0,6,0,1,0.68,0.6364,0.79,0
582,9/1/12,3,1,9,6,0,6,0,1,0.68,0.6364,0.79,0
583,9/1/12,3,1,9,7,0,6,0,2,0.74,0.6818,0.58,0.1343
584,9/1/12,3,1,9,8,0,6,0,2,0.76,0.7121,0.58,0.2537
585,9/1/12,3,1,9,9,0,6,0,2,0.76,0.7121,0.58,0.194
586,9/1/12,3,1,9,10,0,6,0,2,0.78,0.7273,0.55,0.194
587,9/1/12,3,1,9,11,0,6,0,2,0.8,0.7576,0.55,0.2239
588,9/1/12,3,1,9,12,0,6,0,2,0.8,0.7576,0.55,0.1642
589,9/1/12,3,1,9,13,0,6,0,2,0.82,0.7727,0.52,0.0896
590,9/1/12,3,1,9,14,0,6,0,2,0.86,0.7879,0.44,0.1642
591,9/1/12,3,1,9,15,0,6,0,2,0.86,0.7879,0.44,0.2836
592,9/1/12,3,1,9,16,0,6,0,2,0.84,0.7879,0.49,0.1642
593,9/1/12,3,1,9,17,0,6,0,2,0.82,0.7727,0.52,0
594,9/1/12,3,1,9,18,0,6,0,2,0.82,0.7727,0.52,0
595,9/1/12,3,1,9,19,0,6,0,3,0.78,0.7424,0.62,0
596,9/1/12,3,1,9,20,0,6,0,3,0.76,0.7273,0.67,0.2537
597,9/1/12,3,1,9,21,0,6,0,3,0.64,0.5758,0.89,0
598,9/1/12,3,1,9,22,0,6,0,2,0.66,0.5909,0.89,0
599,9/1/12,3,1,9,23,0,6,0,1,0.66,0.5909,0.89,0.0896
600,9/15/12,3,1,9,0,0,6,0,1,0.6,0.5606,0.83,0.1045
601,9/15/12,3,1,9,1,0,6,0,1,0.6,0.5909,0.73,0
602,9/15/12,3,1,9,2,0,6,0,1,0.58,0.5455,0.78,0.1045
603,9/15/12,3,1,9,3,0,6,0,1,0.6,0.5909,0.73,0.2537
604,9/15/12,3,1,9,4,0,6,0,2,0.6,0.5909,0.69,0.3582
605,9/15/12,3,1,9,5,0,6,0,1,0.58,0.5455,0.6,0.5224
606,9/15/12,3,1,9,6,0,6,0,1,0.54,0.5152,0.49,0.4179
607,9/15/12,3,1,9,7,0,6,0,1,0.54,0.5152,0.52,0.2836
608,9/15/12,3,1,9,8,0,6,0,1,0.56,0.5303,0.49,0.4179
609,9/15/12,3,1,9,9,0,6,0,1,0.6,0.6212,0.43,0.4179
610,9/15/12,3,1,9,10,0,6,0,1,0.62,0.6212,0.41,0.3881
611,9/15/12,3,1,9,11,0,6,0,1,0.64,0.6212,0.38,0.3881
612,9/15/12,3,1,9,12,0,6,0,1,0.66,0.6212,0.36,0.3582
613,9/15/12,3,1,9,13,0,6,0,1,0.68,0.6364,0.36,0.194
614,9/15/12,3,1,9,14,0,6,0,1,0.68,0.6364,0.34,0.3284
615,9/15/12,3,1,9,15,0,6,0,2,0.68,0.6364,0.34,0.2836
616,9/15/12,3,1,9,16,0,6,0,2,0.66,0.6212,0.36,0.2239
617,9/15/12,3,1,9,17,0,6,0,2,0.66,0.6212,0.36,0.2537
618,9/15/12,3,1,9,18,0,6,0,2,0.64,0.6212,0.36,0.2836
619,9/15/12,3,1,9,19,0,6,0,1,0.62,0.6212,0.41,0.1642
620,9/15/12,3,1,9,20,0,6,0,1,0.6,0.6212,0.43,0.0896
621,9/15/12,3,1,9,21,0,6,0,1,0.56,0.5303,0.52,0.1045
622,9/15/12,3,1,9,22,0,6,0,1,0.56,0.5303,0.52,0
623,9/15/12,3,1,9,23,0,6,0,1,0.54,0.5152,0.6,0
624,10/2/12,4,1,10,0,0,2,1,2,0.56,0.5303,0.73,0
625,10/2/12,4,1,10,1,0,2,1,2,0.54,0.5152,0.77,0.1045
626,10/2/12,4,1,10,2,0,2,1,2,0.54,0.5152,0.77,0.1045
627,10/2/12,4,1,10,3,0,2,1,2,0.54,0.5152,0.88,0.194
628,10/2/12,4,1,10,4,0,2,1,2,0.56,0.5303,0.83,0.0896
629,10/2/12,4,1,10,5,0,2,1,2,0.56,0.5303,0.83,0.1343
630,10/2/12,4,1,10,6,0,2,1,3,0.58,0.5455,0.83,0.1045
631,10/2/12,4,1,10,7,0,2,1,3,0.58,0.5455,0.83,0.1045
632,10/2/12,4,1,10,8,0,2,1,3,0.6,0.5455,0.88,0
633,10/2/12,4,1,10,9,0,2,1,3,0.58,0.5455,0.88,0.1343
634,10/2/12,4,1,10,10,0,2,1,3,0.58,0.5455,0.88,0.1343
635,10/2/12,4,1,10,11,0,2,1,3,0.58,0.5455,0.94,0.1343
636,10/2/12,4,1,10,12,0,2,1,2,0.6,0.5455,0.88,0.194
637,10/2/12,4,1,10,13,0,2,1,2,0.6,0.5455,0.88,0.1343
638,10/2/12,4,1,10,14,0,2,1,3,0.6,0.5455,0.88,0.1343
639,10/2/12,4,1,10,15,0,2,1,3,0.62,0.5758,0.83,0.1343
640,10/2/12,4,1,10,16,0,2,1,3,0.62,0.5606,0.88,0.1343
641,10/2/12,4,1,10,17,0,2,1,3,0.62,0.5606,0.88,0.1045
642,10/2/12,4,1,10,18,0,2,1,3,0.62,0.5455,0.94,0.0896
643,10/2/12,4,1,10,19,0,2,1,3,0.62,0.5455,0.94,0
644,10/2/12,4,1,10,20,0,2,1,3,0.62,0.5455,0.94,0.1343
645,10/2/12,4,1,10,21,0,2,1,3,0.62,0.5455,0.94,0.1045
646,10/2/12,4,1,10,22,0,2,1,2,0.62,0.5455,0.94,0.1045
647,10/2/12,4,1,10,23,0,2,1,2,0.62,0.5455,0.94,0
648,11/28/12,4,1,11,0,0,3,1,2,0.26,0.2424,0.75,0.2537
649,11/28/12,4,1,11,1,0,3,1,2,0.26,0.2576,0.75,0.2239
650,11/28/12,4,1,11,2,0,3,1,2,0.26,0.2576,0.75,0.2239
651,11/28/12,4,1,11,3,0,3,1,2,0.26,0.2576,0.7,0.2239
652,11/28/12,4,1,11,4,0,3,1,2,0.26,0.2576,0.7,0.194
653,11/28/12,4,1,11,5,0,3,1,2,0.26,0.2727,0.7,0.1343
654,11/28/12,4,1,11,6,0,3,1,2,0.26,0.2576,0.65,0.2239
655,11/28/12,4,1,11,7,0,3,1,2,0.26,0.2576,0.56,0.194
656,11/28/12,4,1,11,8,0,3,1,1,0.24,0.2121,0.6,0.2836
657,11/28/12,4,1,11,9,0,3,1,1,0.28,0.2727,0.52,0.194
658,11/28/12,4,1,11,10,0,3,1,1,0.3,0.3182,0.49,0.1045
659,11/28/12,4,1,11,11,0,3,1,1,0.32,0.3182,0.45,0.1642
660,11/28/12,4,1,11,12,0,3,1,1,0.34,0.303,0.42,0.3881
661,11/28/12,4,1,11,13,0,3,1,1,0.34,0.3333,0.42,0.194
662,11/28/12,4,1,11,14,0,3,1,1,0.36,0.3333,0.4,0.2985
663,11/28/12,4,1,11,15,0,3,1,1,0.36,0.3333,0.32,0.3284
664,11/28/12,4,1,11,16,0,3,1,1,0.36,0.3333,0.29,0.2537
665,11/28/12,4,1,11,17,0,3,1,1,0.34,0.3333,0.31,0.1343
666,11/28/12,4,1,11,18,0,3,1,1,0.32,0.303,0.33,0.2836
667,11/28/12,4,1,11,19,0,3,1,1,0.32,0.3182,0.36,0.1642
668,11/28/12,4,1,11,20,0,3,1,1,0.32,0.3333,0.36,0.1343
669,11/28/12,4,1,11,21,0,3,1,1,0.3,0.303,0.39,0.1642
670,11/28/12,4,1,11,22,0,3,1,1,0.28,0.2727,0.45,0.1642
671,11/28/12,4,1,11,23,0,3,1,1,0.26,0.2727,0.48,0.1343
672,12/17/12,4,1,12,0,0,1,1,2,0.38,0.3939,0.87,0
673,12/17/12,4,1,12,1,0,1,1,2,0.38,0.3939,0.87,0.1045
674,12/17/12,4,1,12,2,0,1,1,2,0.38,0.3939,0.94,0
675,12/17/12,4,1,12,3,0,1,1,2,0.36,0.3788,0.93,0
676,12/17/12,4,1,12,4,0,1,1,3,0.36,0.3788,1,0
677,12/17/12,4,1,12,5,0,1,1,2,0.38,0.3939,0.87,0
678,12/17/12,4,1,12,6,0,1,1,2,0.36,0.3485,0.93,0.1343
679,12/17/12,4,1,12,7,0,1,1,2,0.36,0.3485,0.93,0.1343
680,12/17/12,4,1,12,8,0,1,1,2,0.38,0.3939,0.87,0.1045
681,12/17/12,4,1,12,9,0,1,1,2,0.4,0.4091,0.87,0
682,12/17/12,4,1,12,10,0,1,1,2,0.38,0.3939,0.87,0.0896
683,12/17/12,4,1,12,11,0,1,1,2,0.4,0.4091,0.87,0.0896
684,12/17/12,4,1,12,12,0,1,1,2,0.4,0.4091,0.87,0
685,12/17/12,4,1,12,13,0,1,1,2,0.4,0.4091,0.87,0.1343
686,12/17/12,4,1,12,14,0,1,1,2,0.4,0.4091,0.87,0.0896
687,12/17/12,4,1,12,15,0,1,1,2,0.42,0.4242,0.88,0
688,12/17/12,4,1,12,16,0,1,1,3,0.4,0.4091,0.94,0.2537
689,12/17/12,4,1,12,17,0,1,1,2,0.4,0.4091,0.94,0.2537
690,12/17/12,4,1,12,18,0,1,1,2,0.4,0.4091,0.94,0.0896
691,12/17/12,4,1,12,19,0,1,1,2,0.42,0.4242,0.88,0.1343
692,12/17/12,4,1,12,20,0,1,1,2,0.42,0.4242,0.94,0.2537
693,12/17/12,4,1,12,21,0,1,1,2,0.42,0.4242,0.94,0.1343
694,12/17/12,4,1,12,22,0,1,1,2,0.42,0.4242,0.94,0.1343
695,12/17/12,4,1,12,23,0,1,1,3,0.42,0.4242,0.94,0.2239
696,12/31/12,1,1,12,0,0,1,1,1,0.18,0.1818,0.55,0.194
697,12/31/12,1,1,12,1,0,1,1,1,0.18,0.1818,0.55,0.194
698,12/31/12,1,1,12,2,0,1,1,1,0.16,0.1667,0.59,0.1642
699,12/31/12,1,1,12,3,0,1,1,1,0.16,0.1818,0.59,0.1045
700,12/31/12,1,1,12,4,0,1,1,1,0.14,0.1667,0.69,0.1045
701,12/31/12,1,1,12,5,0,1,1,1,0.16,0.1515,0.64,0.194
702,12/31/12,1,1,12,6,0,1,1,1,0.16,0.1667,0.64,0.1642
703,12/31/12,1,1,12,7,0,1,1,1,0.16,0.1818,0.64,0.1343
704,12/31/12,1,1,12,8,0,1,1,1,0.14,0.1515,0.69,0.1343
705,12/31/12,1,1,12,9,0,1,1,2,0.18,0.2121,0.64,0.1045
706,12/31/12,1,1,12,10,0,1,1,2,0.2,0.2121,0.69,0.1343
707,12/31/12,1,1,12,11,0,1,1,2,0.22,0.2273,0.6,0.194
708,12/31/12,1,1,12,12,0,1,1,2,0.24,0.2273,0.56,0.194
709,12/31/12,1,1,12,13,0,1,1,2,0.26,0.2576,0.44,0.1642
710,12/31/12,1,1,12,14,0,1,1,2,0.28,0.2727,0.45,0.2239
711,12/31/12,1,1,12,15,0,1,1,2,0.28,0.2879,0.45,0.1343
712,12/31/12,1,1,12,16,0,1,1,2,0.26,0.2576,0.48,0.194
713,12/31/12,1,1,12,17,0,1,1,2,0.26,0.2879,0.48,0.0896
714,12/31/12,1,1,12,18,0,1,1,2,0.26,0.2727,0.48,0.1343
715,12/31/12,1,1,12,19,0,1,1,2,0.26,0.2576,0.6,0.1642
716,12/31/12,1,1,12,20,0,1,1,2,0.26,0.2576,0.6,0.1642
717,12/31/12,1,1,12,21,0,1,1,1,0.26,0.2576,0.6,0.1642
718,12/31/12,1,1,12,22,0,1,1,1,0.26,0.2727,0.56,0.1343
719,12/31/12,1,1,12,23,0,1,1,1,0.26,0.2727,0.65,0.1343